{"cameraMode":{"drawMode":0,"name":"Shaded","section":"Shading Mode"},"sceneLighting":true,"audioPlay":false,"sceneViewState":{"m_AlwaysRefresh":false,"showFog":true,"showSkybox":true,"showFlares":true,"showImageEffects":true,"showParticleSystems":true,"showVisualEffectGraphs":true,"m_FxEnabled":true},"in2DMode":false,"pivot":{"x":3.9376940727233888,"y":1.5767631530761719,"z":2.258664131164551},"rotation":{"x":-0.5232188701629639,"y":-0.021217454224824907,"z":0.013031421229243279,"w":-0.8518437147140503},"size":6.1486124992370609,"orthographic":false}